Year,Week,Week ending,A/H1N1.proxy,A/H3N2.proxy,A/H1N1pdm.proxy,A.proxy,B.proxy
1998,1,03/01/1998,0.279751847,8.672307269,0,8.952059117,0
1998,2,10/01/1998,0.466619169,5.210580715,0,5.677199884,0
1998,3,17/01/1998,0.259668996,6.167138644,0,6.426807639,0.129834498
1998,4,24/01/1998,0.417815125,10.77963023,0,11.19744536,0
1998,5,31/01/1998,0.722804481,12.39093397,0,13.11373845,0
1998,6,07/02/1998,0.172230544,14.03678935,0,14.20901989,0
1998,7,14/02/1998,0.355338437,19.81011789,0,20.16545633,0.177669219
1998,8,21/02/1998,0.422374307,24.32876007,0,24.75113438,0.084474861
1998,9,28/02/1998,0.082045771,35.0335441,0,35.11558987,0.164091541
1998,10,07/03/1998,0.424218961,39.34630861,0,39.77052758,0.10605474
1998,11,14/03/1998,0.194002874,28.51842244,0,28.71242531,0.291004311
1998,12,21/03/1998,0.321747035,22.7367905,0,23.05853753,0.428996047
1998,13,28/03/1998,0,17.06809376,0,17.06809376,0.661554022
1998,14,04/04/1998,0,10.35723571,0,10.35723571,0.183313906
1998,15,11/04/1998,0.135783613,6.381829798,0,6.517613411,0.407350838
1998,16,18/04/1998,0,3.939495269,0,3.939495269,0.135844664
1998,17,25/04/1998,0,1.438170367,0,1.438170367,0.319593415
1998,18,02/05/1998,0,2.62295082,0,2.62295082,0.327868852
1998,19,09/05/1998,0,4.41872874,0,4.41872874,0.378748178
1998,20,16/05/1998,0,4.798458264,0,4.798458264,0.423393376
1998,21,23/05/1998,0,4.117939953,0,4.117939953,0.605579405
1998,22,30/05/1998,0,5.714797044,0,5.714797044,0.112054844
1998,23,06/06/1998,0,5.193912084,0,5.193912084,0.633403913
1998,24,13/06/1998,0,2.918050941,0,2.918050941,0.470653378
1998,25,20/06/1998,0,4.957413298,0,4.957413298,0.777633459
1998,26,27/06/1998,0.083335094,4.583430166,0,4.66676526,1.250026409
1998,27,04/07/1998,0,5.054923558,0,5.054923558,0.745808394
1998,28,11/07/1998,0,4.4789239,0,4.4789239,1.081119562
1998,29,18/07/1998,0,6.601017338,0,6.601017338,2.068975583
1998,30,25/07/1998,0,3.948049857,0,3.948049857,1.10545396
1998,31,01/08/1998,0,6.012819786,0,6.012819786,1.474842589
1998,32,08/08/1998,0,4.341897075,0,4.341897075,2.661162723
1998,33,15/08/1998,0,2.434087094,0,2.434087094,2.004542313
1998,34,22/08/1998,0,2.193463479,0,2.193463479,0.731154493
1998,35,29/08/1998,0,2.724285818,0,2.724285818,1.539813723
1998,36,05/09/1998,0,1.854351456,0,1.854351456,0.618117152
1998,37,12/09/1998,0,1.486935141,0,1.486935141,0.446080542
1998,38,19/09/1998,0,0.988060609,0,0.988060609,0.564606062
1998,39,26/09/1998,0,0.552701736,0,0.552701736,0.138175434
1998,40,03/10/1998,0.168664869,0.843324345,0,1.011989214,0.168664869
1998,41,10/10/1998,0,0.142086325,0,0.142086325,0.284172649
1998,42,17/10/1998,0,0.184479753,0,0.184479753,0.184479753
1998,43,24/10/1998,0,0.356555129,0,0.356555129,0.178277564
1998,44,31/10/1998,0,0,0,0,0
1998,45,07/11/1998,0,0,0,0,0.200318175
1998,46,14/11/1998,0,0.404248076,0,0.404248076,0
1998,47,21/11/1998,0.205688347,0.205688347,0,0.411376693,0
1998,48,28/11/1998,0,0.212146123,0,0.212146123,0.212146123
1998,49,05/12/1998,0,0.671147764,0,0.671147764,0.223715921
1998,50,12/12/1998,0,0.691224209,0,0.691224209,0
1998,51,19/12/1998,0,0.188423022,0,0.188423022,0.188423022
1998,52,26/12/1998,0,0.714592268,0,0.714592268,0
1998,53,02/01/1999,0,3.330721003,0,3.330721003,0.195924765
1999,1,09/01/1999,0,7.145997629,0,7.145997629,0.198499934
1999,2,16/01/1999,0.189696387,11.19208681,0,11.3817832,0.379392773
1999,3,23/01/1999,0,27.491539,0,27.491539,0.808574676
1999,4,30/01/1999,0,41.81920086,0,41.81920086,0.74345246
1999,5,06/02/1999,0,34.91151372,0,34.91151372,0.935129832
1999,6,13/02/1999,0,33.12713753,0,33.12713753,0.504474176
1999,7,20/02/1999,0,28.61962813,0,28.61962813,1.612373416
1999,8,27/02/1999,0,11.11957596,0,11.11957596,0.722050387
1999,9,06/03/1999,0,3.290867893,0,3.290867893,0.493630184
1999,10,13/03/1999,0,2.477691892,0,2.477691892,1.321435676
1999,11,20/03/1999,0,2.354964115,0,2.354964115,1.850328947
1999,12,27/03/1999,0.176594951,2.825519214,0,3.002114165,3.531899018
1999,13,03/04/1999,0.277218869,1.801922647,0,2.079141516,2.633579253
1999,14,10/04/1999,0.146956599,1.028696192,0,1.175652791,1.763479186
1999,15,17/04/1999,0,3.607567485,0,3.607567485,2.538658601
1999,16,24/04/1999,0,0.951120292,0,0.951120292,3.011880926
1999,17,01/05/1999,0,2.010888413,0,2.010888413,2.629623309
1999,18,08/05/1999,0,1.332594926,0,1.332594926,2.301754872
1999,19,15/05/1999,0,0.368021645,0,0.368021645,1.349412699
1999,20,22/05/1999,0,1.879034397,0,1.879034397,0.939517199
1999,21,29/05/1999,0,1.169239994,0,1.169239994,1.558986659
1999,22,05/06/1999,0,2.232208185,0,2.232208185,1.838289094
1999,23,12/06/1999,0,0.655352986,0,0.655352986,1.048564777
1999,24,19/06/1999,0,0.772479282,0,0.772479282,1.081470994
1999,25,26/06/1999,0,2.709616317,0,2.709616317,1.295903456
1999,26,03/07/1999,0,2.568612852,0,2.568612852,1.284306426
1999,27,10/07/1999,0,4.557995908,0,4.557995908,0.471516818
1999,28,17/07/1999,0,7.663949839,0,7.663949839,0.753831132
1999,29,24/07/1999,0,9.356782144,0,9.356782144,0.909687153
1999,30,31/07/1999,0,6.121517977,0,6.121517977,0.859160418
1999,31,07/08/1999,0,6.838658529,0,6.838658529,0.547092682
1999,32,14/08/1999,0,6.678166405,0,6.678166405,1.397755759
1999,33,21/08/1999,0,4.876854155,0,4.876854155,2.090080352
1999,34,28/08/1999,0,2.526133571,0,2.526133571,1.263066785
1999,35,04/09/1999,0,3.921424907,0,3.921424907,2.352854944
1999,36,11/09/1999,0,4.370007377,0,4.370007377,2.185003689
1999,37,18/09/1999,0,4.337347138,0,4.337347138,2.255420512
1999,38,25/09/1999,0,1.63792078,0,1.63792078,2.547876769
1999,39,02/10/1999,0,1.789219286,0,1.789219286,1.988021429
1999,40,09/10/1999,0,0.433768985,0,0.433768985,1.951960434
1999,41,16/10/1999,0,1.532488209,0,1.532488209,0.574683078
1999,42,23/10/1999,0,0.504081275,0,0.504081275,1.512243826
1999,43,30/10/1999,0,0,0,0,1.068293521
1999,44,06/11/1999,0,0,0,0,0.7521218
1999,45,13/11/1999,0,0.432505491,0,0.432505491,1.297516472
1999,46,20/11/1999,0,0.420054466,0,0.420054466,0.420054466
1999,47,27/11/1999,0,0,0,0,0.403502747
1999,48,04/12/1999,0.251728731,0,0,0.251728731,0.503457461
1999,49,11/12/1999,0,0,0,0,0.488239446
1999,50,18/12/1999,0.264570732,0.793712197,0,1.058282929,0.529141465
1999,51,25/12/1999,0,1.22658771,0,1.22658771,0.919940783
1999,52,01/01/2000,0.759919666,1.899799164,0,2.65971883,1.139879498
2000,1,08/01/2000,0.793176157,6.874193357,0,7.667369513,2.115136418
2000,2,15/01/2000,4.393980113,10.54555227,0,14.93953238,1.757592045
2000,3,22/01/2000,9.044262634,11.30532829,0,20.34959093,2.584075038
2000,4,29/01/2000,13.48163128,11.68408044,0,25.16571172,4.194285286
2000,5,05/02/2000,14.19424126,21.1465227,0,35.34076396,4.63485429
2000,6,12/02/2000,11.75801431,15.42034664,0,27.17836096,5.589875658
2000,7,19/02/2000,9.82174729,10.04000834,0,19.86175563,6.984353628
2000,8,26/02/2000,9.607412633,9.18969904,0,18.79711167,12.74026458
2000,9,04/03/2000,10.48555394,8.388443151,0,18.87399709,12.34965242
2000,10,11/03/2000,7.794622836,8.314264358,0,16.10888719,10.91247197
2000,11,18/03/2000,5.395506918,4.465247105,0,9.860754023,10.23285795
2000,12,25/03/2000,1.665014164,2.997025496,0,4.66203966,7.825566572
2000,13,01/04/2000,0.301016757,2.709150812,0,3.010167569,5.267793246
2000,14,08/04/2000,0.481470821,0.481470821,0,0.962941643,4.814708213
2000,15,15/04/2000,0,1.104602749,0,1.104602749,2.071130154
2000,16,22/04/2000,0.294197393,0.735493483,0,1.029690876,1.323888269
2000,17,29/04/2000,0.131926525,0.131926525,0,0.26385305,0.791559151
2000,18,06/05/2000,0,0.174451921,0,0.174451921,0.348903841
2000,19,13/05/2000,0.175044575,1.050267449,0,1.225312024,0.7001783
2000,20,20/05/2000,0,0.559604661,0,0.559604661,0.839406991
2000,21,27/05/2000,0,0.757880643,0,0.757880643,0.303152257
2000,22,03/06/2000,0.162857313,1.791430448,0,1.954287762,0.325714627
2000,23,10/06/2000,0,1.896327284,0,1.896327284,0.172393389
2000,24,17/06/2000,0,2.114425917,0,2.114425917,0.17620216
2000,25,24/06/2000,0,2.858929688,0,2.858929688,0.357366211
2000,26,01/07/2000,0,2.744487057,0,2.744487057,0
2000,27,08/07/2000,0.162942491,5.540044684,0,5.702987175,0.162942491
2000,28,15/07/2000,0,5.93905427,0,5.93905427,0.16497373
2000,29,22/07/2000,0,4.496889719,0,4.496889719,0.172957297
2000,30,29/07/2000,0.628619802,5.448038287,0,6.076658089,0.209539934
2000,31,05/08/2000,0.984676516,4.135641369,0,5.120317885,0.393870607
2000,32,12/08/2000,0.913078757,4.200162282,0,5.113241039,0.182615751
2000,33,19/08/2000,1.668188737,4.246298602,0,5.914487339,0.151653522
2000,34,26/08/2000,2.360254992,3.540382488,0,5.90063748,0.168589642
2000,35,02/09/2000,2.978807685,2.813318369,0,5.792126054,0.330978632
2000,36,09/09/2000,1.658671022,2.948748483,0,4.607419505,0.552890341
2000,37,16/09/2000,1.355217106,0.677608553,0,2.03282566,0.338804277
2000,38,23/09/2000,0.883228921,0.44161446,0,1.324843381,0.29440964
2000,39,30/09/2000,0.165947561,0.165947561,0,0.331895121,0.165947561
2000,40,07/10/2000,0,0,0,0,0.669459504
2000,41,14/10/2000,0,0,0,0,0.364082681
2000,42,21/10/2000,0,0,0,0,0.33565321
2000,43,28/10/2000,0,0.157843534,0,0.157843534,1.104904736
2000,44,04/11/2000,0.418733769,0,0,0.418733769,0.628100653
2000,45,11/11/2000,0.346917682,0.173458841,0,0.520376522,1.214211885
2000,46,18/11/2000,0.194089624,0,0,0.194089624,0.194089624
2000,47,25/11/2000,0.178164419,0,0,0.178164419,0.890822097
2000,48,02/12/2000,0,0.201440163,0,0.201440163,1.208640977
2000,49,09/12/2000,0,0,0,0,0.385350669
2000,50,16/12/2000,0,0,0,0,1.078153094
2000,51,23/12/2000,0.328829907,0,0,0.328829907,1.315319626
2000,52,30/12/2000,0.620449415,0.206816472,0,0.827265886,0.620449415
2001,1,06/01/2001,0.17623382,0,0,0.17623382,0.352467641
2001,2,13/01/2001,1.753873137,0,0,1.753873137,1.315404852
2001,3,20/01/2001,1.399954264,0.139995426,0,1.53994969,1.679945117
2001,4,27/01/2001,1.675863196,0.2094829,0,1.885346096,2.304311895
2001,5,03/02/2001,0.800338238,0.533558825,0,1.333897064,1.333897064
2001,6,10/02/2001,1.383366863,0.922244575,0,2.305611438,3.074148585
2001,7,17/02/2001,1.563765324,0.469129597,0,2.032894921,3.596660244
2001,8,24/02/2001,3.398700046,0.339870005,0,3.73857005,5.437920073
2001,9,03/03/2001,4.249759838,0.293086885,0,4.542846723,4.249759838
2001,10,10/03/2001,3.590865417,0,0,3.590865417,5.087059341
2001,11,17/03/2001,4.919654202,0.655953894,0,5.575608095,5.575608095
2001,12,24/03/2001,4.779953783,0.289694169,0,5.069647952,6.083577542
2001,13,31/03/2001,4.193885657,0.310658197,0,4.504543854,3.88322746
2001,14,07/04/2001,5.450392383,0.340649524,0,5.791041907,3.065845715
2001,15,14/04/2001,3.24926789,0.684056398,0,3.933324288,3.24926789
2001,16,21/04/2001,3.193561779,0.510969885,0,3.704531664,2.554849424
2001,17,28/04/2001,5.300517678,0.927590594,0,6.228108272,2.385232955
2001,18,05/05/2001,8.057151056,0.78991677,0,8.847067826,1.895800248
2001,19,12/05/2001,6.298975286,1.657625075,0,7.956600362,1.98915009
2001,20,19/05/2001,6.493864354,0.77307909,0,7.266943444,3.710779631
2001,21,26/05/2001,7.517632367,1.031831894,0,8.549464261,3.390304793
2001,22,02/06/2001,7.637132168,0.52669877,0,8.163830938,2.238469773
2001,23,09/06/2001,6.030957506,0.325997703,0,6.356955209,2.770980476
2001,24,16/06/2001,6.938205559,0.452491667,0,7.390697226,2.262458335
2001,25,23/06/2001,7.566430122,0.582033086,0,8.148463209,1.746099259
2001,26,30/06/2001,5.335087776,0,0,5.335087776,2.018681861
2001,27,07/07/2001,6.223788084,0.15958431,0,6.383372394,2.234180338
2001,28,14/07/2001,6.942447592,0,0,6.942447592,1.880246223
2001,29,21/07/2001,4.919365768,0.89443014,0,5.813795907,2.236075349
2001,30,28/07/2001,5.888057096,0.535277918,0,6.423335014,1.873472712
2001,31,04/08/2001,5.892655964,0.604374971,0,6.497030935,2.568593625
2001,32,11/08/2001,6.587570429,1.685192435,0,8.272762864,2.604388309
2001,33,18/08/2001,3.311666535,0,0,3.311666535,3.896078277
2001,34,25/08/2001,2.605320064,0.911862022,0,3.517182086,1.563192038
2001,35,01/09/2001,3.016493146,0.177440773,0,3.193933919,1.59696696
2001,36,08/09/2001,1.05616929,0.176028215,0,1.232197505,0.35205643
2001,37,15/09/2001,0.916762717,0.152793786,0,1.069556503,1.833525434
2001,38,22/09/2001,1.278939263,0,0,1.278939263,0.548116827
2001,39,29/09/2001,0.327672099,0,0,0.327672099,0.16383605
2001,40,06/10/2001,0.492842827,0,0,0.492842827,0.246421413
2001,41,13/10/2001,0,0.426431837,0,0.426431837,0
2001,42,20/10/2001,0,0,0,0,0.233938733
2001,43,27/10/2001,0,0,0,0,0
2001,44,03/11/2001,0.212751294,0,0,0.212751294,0
2001,45,10/11/2001,0,0,0,0,0
2001,46,17/11/2001,0,0.179510216,0,0.179510216,0
2001,47,24/11/2001,0,0.491150221,0,0.491150221,0.327433481
2001,48,01/12/2001,0.189191025,0,0,0.189191025,0.189191025
2001,49,08/12/2001,0.214127333,0,0,0.214127333,0
2001,50,15/12/2001,0,0.677671116,0,0.677671116,0
2001,51,22/12/2001,0,0.720444137,0,0.720444137,0
2001,52,29/12/2001,0.274324593,0.548649187,0,0.82297378,0.274324593
2002,1,05/01/2002,0.212460615,0.849842458,0,1.062303073,0.637381844
2002,2,12/01/2002,0.606992275,2.427969098,0,3.034961373,1.011653791
2002,3,19/01/2002,1.030618815,6.183712892,0,7.214331708,3.091856446
2002,4,26/01/2002,1.006864163,9.56520955,0,10.57207371,3.524024571
2002,5,02/02/2002,1.346951329,12.6613425,0,14.00829383,5.657195584
2002,6,09/02/2002,0.539950943,13.31878993,0,13.85874087,7.199345909
2002,7,16/02/2002,0.622742558,5.604683024,0,6.227425582,5.293311745
2002,8,23/02/2002,1.695816777,6.406418934,0,8.102235711,2.449513122
2002,9,02/03/2002,1.742887686,6.971550743,0,8.714438428,3.485775371
2002,10,09/03/2002,0.539488449,7.013349832,0,7.552838281,1.618465346
2002,11,16/03/2002,1.306808402,5.445035006,0,6.751843408,1.742411202
2002,12,23/03/2002,0.571930926,8.960251173,0,9.532182099,5.147378333
2002,13,30/03/2002,0.367480874,8.452060091,0,8.819540965,2.756106551
2002,14,06/04/2002,0.297786833,6.551310326,0,6.849097159,1.488934165
2002,15,13/04/2002,0,6.120449847,0,6.120449847,1.224089969
2002,16,20/04/2002,0.437638903,10.50333367,0,10.94097257,0.291759269
2002,17,27/04/2002,0.274798704,6.457769543,0,6.732568246,0.412198056
2002,18,04/05/2002,0,4.643448054,0,4.643448054,0.281421094
2002,19,11/05/2002,0,4.550769665,0,4.550769665,0
2002,20,18/05/2002,0,5.997203042,0,5.997203042,0.29254649
2002,21,25/05/2002,0,2.044592508,0,2.044592508,0.185872046
2002,22,01/06/2002,0,7.494710502,0,7.494710502,0.152953276
2002,23,08/06/2002,0,5.773394444,0,5.773394444,0.151931433
2002,24,15/06/2002,0,8.553408234,0,8.553408234,0
2002,25,22/06/2002,0,7.379890302,0,7.379890302,0.163997562
2002,26,29/06/2002,0,7.963421042,0,7.963421042,0
2002,27,06/07/2002,0,12.67872054,0,12.67872054,0
2002,28,13/07/2002,0,12.78784909,0,12.78784909,0
2002,29,20/07/2002,0,10.00579279,0,10.00579279,0
2002,30,27/07/2002,0,7.803103047,0,7.803103047,0.177343251
2002,31,03/08/2002,0,7.964616911,0,7.964616911,0.162543202
2002,32,10/08/2002,0,4.350749681,0,4.350749681,0.300051702
2002,33,17/08/2002,0,6.289389567,0,6.289389567,0.174705266
2002,34,24/08/2002,0,4.780051056,0,4.780051056,0
2002,35,31/08/2002,0.137707459,2.754149181,0,2.89185664,0
2002,36,07/09/2002,0,2.871643425,0,2.871643425,0.638142983
2002,37,14/09/2002,0,2.14703604,0,2.14703604,0.195185095
2002,38,21/09/2002,0,0.421013854,0,0.421013854,0.842027708
2002,39,28/09/2002,0,0,0,0,1.050771121
2002,40,05/10/2002,0,1.166596177,0,1.166596177,0.49996979
2002,41,12/10/2002,0,0.361812382,0,0.361812382,0.180906191
2002,42,19/10/2002,0,0.927966593,0,0.927966593,1.159958242
2002,43,26/10/2002,0,0.95598715,0,0.95598715,0.95598715
2002,44,02/11/2002,0,0.394363369,0,0.394363369,0.591545054
2002,45,09/11/2002,0,1.081509883,0,1.081509883,0.360503294
2002,46,16/11/2002,0,0,0,0,0
2002,47,23/11/2002,0,0,0,0,1.249459718
2002,48,30/11/2002,0,0.159725202,0,0.159725202,1.437526822
2002,49,07/12/2002,0,0.197921289,0,0.197921289,1.781291598
2002,50,14/12/2002,0,1.29933595,0,1.29933595,1.29933595
2002,51,21/12/2002,0,1.200053742,0,1.200053742,4.000179138
2002,52,28/12/2002,0,2.021493036,0,2.021493036,2.389037224
2003,1,04/01/2003,0,2.160456181,0,2.160456181,4.487101299
2003,2,11/01/2003,0.168082388,4.874389265,0,5.042471654,1.680823885
2003,3,18/01/2003,0.234640298,4.692805965,0,4.927446264,9.854892527
2003,4,25/01/2003,0,7.165395181,0,7.165395181,8.240204458
2003,5,01/02/2003,0,2.876629543,0,2.876629543,8.291461625
2003,6,08/02/2003,0,8.630402967,0,8.630402967,7.116297183
2003,7,15/02/2003,0,8.193011114,0,8.193011114,3.845699094
2003,8,22/02/2003,0.127718581,11.36695373,0,11.49467231,5.619617574
2003,9,01/03/2003,0,9.227743463,0,9.227743463,3.614992284
2003,10,08/03/2003,0.096000983,10.84811108,0,10.94411207,3.648037356
2003,11,15/03/2003,0,9.506715411,0,9.506715411,2.636899165
2003,12,22/03/2003,0.0645623,5.229546322,0,5.294108622,2.42108626
2003,13,29/03/2003,0.058953402,3.979354622,0,4.038308024,1.768602054
2003,14,05/04/2003,0,1.775151554,0,1.775151554,0.552916058
2003,15,12/04/2003,0.030600201,0.918006024,0,0.948606225,0.183601205
2003,16,19/04/2003,0,0.314669189,0,0.314669189,0.089905483
2003,17,26/04/2003,0,0.665715889,0,0.665715889,0.142653405
2003,18,03/05/2003,0,0.063059951,0,0.063059951,0
2003,19,10/05/2003,0,0.163357879,0,0.163357879,0
2003,20,17/05/2003,0,0.230051603,0,0.230051603,0
2003,21,24/05/2003,0,0.323283779,0,0.323283779,0
2003,22,31/05/2003,0,0.932394544,0,0.932394544,0
2003,23,07/06/2003,0,0.647319379,0,0.647319379,0
2003,24,14/06/2003,0,0.322868236,0,0.322868236,0
2003,25,21/06/2003,0,1.698819412,0,1.698819412,0
2003,26,28/06/2003,0,2.881153643,0,2.881153643,0
2003,27,05/07/2003,0,6.774778927,0,6.774778927,0
2003,28,12/07/2003,0,2.595350937,0,2.595350937,0
2003,29,19/07/2003,0,4.73133466,0,4.73133466,0
2003,30,26/07/2003,0,2.928289445,0,2.928289445,0
2003,31,02/08/2003,0,3.389938588,0,3.389938588,0
2003,32,09/08/2003,0,3.167291379,0,3.167291379,0
2003,33,16/08/2003,0,2.276569094,0,2.276569094,0
2003,34,23/08/2003,0,4.354387617,0,4.354387617,0.256140448
2003,35,30/08/2003,0,1.917341287,0,1.917341287,0
2003,36,06/09/2003,0,3.828410873,0,3.828410873,0
2003,37,13/09/2003,0,2.671715822,0,2.671715822,0
2003,38,20/09/2003,0,3.121291349,0,3.121291349,0.120049667
2003,39,27/09/2003,0,2.355687606,0,2.355687606,0.107076709
2003,40,04/10/2003,0,1.948916387,0,1.948916387,0
2003,41,11/10/2003,0,1.339477293,0,1.339477293,0
2003,42,18/10/2003,0,1.9623242,0,1.9623242,0
2003,43,25/10/2003,0,1.342599033,0,1.342599033,0
2003,44,01/11/2003,0,0.486550697,0,0.486550697,0
2003,45,08/11/2003,0,0.332765538,0,0.332765538,0
2003,46,15/11/2003,0,0,0,0,0
2003,47,22/11/2003,0,0.693481276,0,0.693481276,0
2003,48,29/11/2003,0,0,0,0,0
2003,49,06/12/2003,0,0.775007221,0,0.775007221,0.193751805
2003,50,13/12/2003,0,0.405542413,0,0.405542413,0
2003,51,20/12/2003,0,0.583434624,0,0.583434624,0
2003,52,27/12/2003,0,0.435826482,0,0.435826482,0
2004,1,03/01/2004,0,1.620129461,0,1.620129461,0
2004,2,10/01/2004,0,0.75410736,0,0.75410736,0
2004,3,17/01/2004,0,1.696776332,0,1.696776332,0
2004,4,24/01/2004,0,1.624110481,0,1.624110481,0
2004,5,31/01/2004,0,0.707202888,0,0.707202888,0.212160867
2004,6,07/02/2004,0,2.665735352,0,2.665735352,0.057950769
2004,7,14/02/2004,0,8.368313422,0,8.368313422,0
2004,8,21/02/2004,0,10.28320493,0,10.28320493,0.197753941
2004,9,28/02/2004,0,10.7146992,0,10.7146992,0.312837933
2004,10,06/03/2004,0,14.249444,0,14.249444,0.07744263
2004,11,13/03/2004,0,14.14155472,0,14.14155472,0.152059728
2004,12,20/03/2004,0,14.9924836,0,14.9924836,0
2004,13,27/03/2004,0,14.15211454,0,14.15211454,0
2004,14,03/04/2004,0,12.67182233,0,12.67182233,0.075879176
2004,15,10/04/2004,0,13.72083083,0,13.72083083,0
2004,16,17/04/2004,0,7.239068634,0,7.239068634,0.311357791
2004,17,24/04/2004,0,10.87738456,0,10.87738456,0.21328205
2004,18,01/05/2004,0,8.492493079,0,8.492493079,0.1866482
2004,19,08/05/2004,0,8.021967768,0,8.021967768,0
2004,20,15/05/2004,0,7.792255379,0,7.792255379,0.586513846
2004,21,22/05/2004,0,9.286792748,0,9.286792748,0.422126943
2004,22,29/05/2004,0,5.9957294,0,5.9957294,0.253340679
2004,23,05/06/2004,0,9.290709847,0,9.290709847,0.197674678
2004,24,12/06/2004,0,8.755044,0,8.755044,0.222585864
2004,25,19/06/2004,0,6.111233834,0,6.111233834,0.265705819
2004,26,26/06/2004,0.163702819,9.331060708,0,9.494763527,0.491108458
2004,27,03/07/2004,0.11927316,6.858206712,0,6.977479872,0.715638961
2004,28,10/07/2004,0.240224209,14.57360203,0,14.81382624,0.720672628
2004,29,17/07/2004,0.299199573,16.08197702,0,16.3811766,1.047198504
2004,30,24/07/2004,0.452147898,17.76295313,0,18.21510103,1.03348091
2004,31,31/07/2004,0.126619729,14.56126879,0,14.68788852,0.949647964
2004,32,07/08/2004,0.066716201,10.67459219,0,10.74130839,1.200891621
2004,33,14/08/2004,0.21012035,8.194693642,0,8.404813991,1.120641866
2004,34,21/08/2004,0,9.330941565,0,9.330941565,1.426385972
2004,35,28/08/2004,0,6.709309077,0,6.709309077,1.312690906
2004,36,04/09/2004,0,5.059444435,0,5.059444435,1.556752134
2004,37,11/09/2004,0,4.337902972,0,4.337902972,0.562320756
2004,38,18/09/2004,0,5.159602017,0,5.159602017,2.222597792
2004,39,25/09/2004,0.056802497,2.726519836,0,2.783322333,0.738432456
2004,40,02/10/2004,0,1.318056666,0,1.318056666,0.470734523
2004,41,09/10/2004,0.070143824,0.701438238,0,0.771582061,0.420862943
2004,42,16/10/2004,0,0.659455018,0,0.659455018,0.412159387
2004,43,23/10/2004,0,0.300963082,0,0.300963082,0.401284109
2004,44,30/10/2004,0,0.194551822,0,0.194551822,0.194551822
2004,45,06/11/2004,0,0.162246167,0,0.162246167,0.162246167
2004,46,13/11/2004,0,0.167208315,0,0.167208315,0.250812472
2004,47,20/11/2004,0,0.07291447,0,0.07291447,0.07291447
2004,48,27/11/2004,0,0.554474449,0,0.554474449,0.138618612
2004,49,04/12/2004,0,0.487208479,0,0.487208479,0.24360424
2004,50,11/12/2004,0,0.081630132,0,0.081630132,0.163260263
2004,51,18/12/2004,0,0.151385645,0,0.151385645,0.227078468
2004,52,25/12/2004,0,0.579485425,0,0.579485425,0.193161808
2004,53,01/01/2005,0.107641712,0.430566847,0,0.538208559,0
2005,1,08/01/2005,0,0.88707029,0,0.88707029,0.177414058
2005,2,15/01/2005,0.160343301,0.962059803,0,1.122403104,0.320686601
2005,3,22/01/2005,0,0.991453669,0,0.991453669,0.694017569
2005,4,29/01/2005,0.332536334,2.327754339,0,2.660290673,0.665072668
2005,5,05/02/2005,0.723812077,2.080959721,0,2.804771798,1.990483212
2005,6,12/02/2005,1.215704412,2.099853075,0,3.315557487,0.884148663
2005,7,19/02/2005,0.382884203,2.680189424,0,3.063073627,0.701954373
2005,8,26/02/2005,0.304700997,2.742308969,0,3.047009965,2.843875967
2005,9,05/03/2005,1.067129124,6.29606183,0,7.363190953,3.841664845
2005,10,12/03/2005,1.385062574,11.37729972,0,12.76236229,6.925312872
2005,11,19/03/2005,3.332428471,14.99592812,0,18.32835659,8.701341007
2005,12,26/03/2005,3.224946894,11.05696078,0,14.28190767,6.818459148
2005,13,02/04/2005,1.865611109,11.9568712,0,13.82248231,5.342431813
2005,14,09/04/2005,1.320983109,8.702947544,0,10.02393065,3.341310218
2005,15,16/04/2005,1.461467331,11.62214497,0,13.0836123,3.201309392
2005,16,23/04/2005,0.799986177,8.866513466,0,9.666499643,3.333275739
2005,17,30/04/2005,1.002334929,12.79904602,0,13.80138095,3.084107474
2005,18,07/05/2005,1.713970201,18.77576448,0,20.48973468,1.713970201
2005,19,14/05/2005,0.985441492,24.21370523,0,25.19914672,1.689328272
2005,20,21/05/2005,1.548122074,28.23479782,0,29.7829199,1.326961778
2005,21,28/05/2005,0.906909097,34.98077944,0,35.88768854,0.842129876
2005,22,04/06/2005,0.859079113,30.74275969,0,31.6018388,0.674990732
2005,23,11/06/2005,0.933479649,19.47860867,0,20.41208832,0.933479649
2005,24,18/06/2005,0.446107631,12.6397162,0,13.08582383,0.594810174
2005,25,25/06/2005,0.144264771,8.150959558,0,8.295224329,0.865588626
2005,26,02/07/2005,0.310929414,5.441264747,0,5.752194161,1.243717656
2005,27,09/07/2005,0.36603674,6.149417228,0,6.515453968,1.098110219
2005,28,16/07/2005,0.222734614,2.138252299,0,2.360986913,0.178187692
2005,29,23/07/2005,0.16850607,2.415253673,0,2.583759743,0.28084345
2005,30,30/07/2005,0.099012557,0.74259418,0,0.841606737,0.594075344
2005,31,06/08/2005,0.201160304,0.603480911,0,0.804641215,0.268213738
2005,32,13/08/2005,0.135803233,0.339508083,0,0.475311316,0.679016166
2005,33,20/08/2005,0,0.664561347,0,0.664561347,0.415350842
2005,34,27/08/2005,0.680502957,0.765565826,0,1.446068783,0.765565826
2005,35,03/09/2005,0.403671548,0.08073431,0,0.484405858,0.484405858
2005,36,10/09/2005,0.194201692,0.485504231,0,0.679705923,0.582605077
2005,37,17/09/2005,0.409487988,0.163795195,0,0.573283184,0.245692793
2005,38,24/09/2005,0.28894121,0.216705907,0,0.505647117,0.361176512
2005,39,01/10/2005,0.361160166,0.090290042,0,0.451450208,0.54174025
2005,40,08/10/2005,0.193303296,0.064434432,0,0.257737728,0.32217216
2005,41,15/10/2005,0.129926163,0,0,0.129926163,0.259852325
2005,42,22/10/2005,0.127650128,0,0,0.127650128,0.382950383
2005,43,29/10/2005,0.067463115,0,0,0.067463115,0.202389344
2005,44,05/11/2005,0,0.064899873,0,0.064899873,0.324499365
2005,45,12/11/2005,0.069848236,0.279392945,0,0.349241181,0.279392945
2005,46,19/11/2005,0.067295769,0.672957685,0,0.740253454,0.134591537
2005,47,26/11/2005,0.069942921,0.139885842,0,0.209828762,0.069942921
2005,48,03/12/2005,0.58293795,0,0,0.58293795,0.145734487
2005,49,10/12/2005,0.27452853,0.137264265,0,0.411792794,0.068632132
2005,50,17/12/2005,0.292345965,0.058469193,0,0.350815158,0.292345965
2005,51,24/12/2005,0.454214913,0.194663534,0,0.648878447,0.778654137
2005,52,31/12/2005,1.363599664,0.227266611,0,1.590866275,1.742377348
2006,1,07/01/2006,1.690768072,0.161025531,0,1.851793602,1.690768072
2006,2,14/01/2006,1.479593347,0.657597043,0,2.13719039,2.465988912
2006,3,21/01/2006,3.56296565,0.222685353,0,3.785651003,3.414508748
2006,4,28/01/2006,2.441154329,0.19272271,0,2.633877039,4.304140527
2006,5,04/02/2006,2.644269149,0.152553989,0,2.796823138,3.254485106
2006,6,11/02/2006,4.361938993,0.408931781,0,4.770870774,4.157473103
2006,7,18/02/2006,4.774696924,0.3913686,0,5.166065524,4.461602044
2006,8,25/02/2006,6.319258728,0.18316692,0,6.502425648,5.952924889
2006,9,04/03/2006,6.937787708,0.23125959,0,7.169047298,4.239759155
2006,10,11/03/2006,7.585936638,0.561921232,0,8.147857871,6.110893403
2006,11,18/03/2006,6.264885274,0.221113598,0,6.485998872,4.864499154
2006,12,25/03/2006,5.757640726,0.247640461,0,6.005281187,2.78595519
2006,13,01/04/2006,4.333631008,0.146902746,0,4.480533754,2.717700802
2006,14,08/04/2006,3.557484311,0.129363066,0,3.686847377,1.422993724
2006,15,15/04/2006,2.539421824,0.076952176,0,2.616374001,1.308187
2006,16,22/04/2006,2.45409743,0.061352436,0,2.515449866,0.858934101
2006,17,29/04/2006,2.144647756,0,0,2.144647756,1.273384605
2006,18,06/05/2006,3.438819059,0,0,3.438819059,1.006483627
2006,19,13/05/2006,3.564230402,0,0,3.564230402,0.660042667
2006,20,20/05/2006,5.211351871,0,0,5.211351871,0.35211837
2006,21,27/05/2006,5.102747822,0,0,5.102747822,0.318921739
2006,22,03/06/2006,6.113153848,0,0,6.113153848,0.349323077
2006,23,10/06/2006,10.51907532,0.075676801,0,10.59475212,0.529737606
2006,24,17/06/2006,16.84431868,0.067108839,0,16.91142752,0.536870715
2006,25,24/06/2006,17.77867717,0.072863431,0,17.8515406,0.510044017
2006,26,01/07/2006,17.82491749,0.061044238,0,17.88596173,0.183132714
2006,27,08/07/2006,10.59495207,0.156575646,0,10.75152772,0.208767529
2006,28,15/07/2006,8.605746163,0.251262662,0,8.857008825,0.188446996
2006,29,22/07/2006,6.367799204,0.22213253,0,6.589931734,0.444265061
2006,30,29/07/2006,3.697891385,0.224114629,0,3.922006014,0.224114629
2006,31,05/08/2006,2.782349125,0.366098569,0,3.148447694,0.146439428
2006,32,12/08/2006,1.637505831,0.372160416,0,2.009666247,0.446592499
2006,33,19/08/2006,1.106787104,0.390630743,0,1.497417847,0.065105124
2006,34,26/08/2006,0.76812749,0.256042497,0,1.024169987,0
2006,35,02/09/2006,0.422474366,0.301767404,0,0.72424177,0.120706962
2006,36,09/09/2006,0.972038864,1.029217621,0,2.001256485,0.114357513
2006,37,16/09/2006,0.655086237,0.774192825,0,1.429279062,0.178659883
2006,38,23/09/2006,1.220189502,1.626919335,0,2.847108837,0.116208524
2006,39,30/09/2006,0.438565518,0.751826603,0,1.190392121,0.062652217
2006,40,07/10/2006,0.332491448,0.581860034,0,0.914351482,0
2006,41,14/10/2006,0.294263416,0.294263416,0,0.588526831,0.058852683
2006,42,21/10/2006,0,0.207403593,0,0.207403593,0.138269062
2006,43,28/10/2006,0.064830374,0.194491121,0,0.259321495,0
2006,44,04/11/2006,0,0,0,0,0
2006,45,11/11/2006,0,0.131039143,0,0.131039143,0
2006,46,18/11/2006,0,0.05145759,0,0.05145759,0
2006,47,25/11/2006,0.065549957,0,0,0.065549957,0.065549957
2006,48,02/12/2006,0.122251928,0.061125964,0,0.183377892,0
2006,49,09/12/2006,0.139140277,0.347850693,0,0.48699097,0.069570139
2006,50,16/12/2006,0.117671826,0.235343652,0,0.353015478,0.058835913
2006,51,23/12/2006,0.063199459,0.126398918,0,0.189598377,0.379196753
2006,52,30/12/2006,0.324425215,0.259540172,0,0.583965387,0.194655129
2007,1,06/01/2007,0.384373113,0.576559669,0,0.960932782,0.128124371
2007,2,13/01/2007,0.270934095,2.235206284,0,2.506140379,0.406401143
2007,3,20/01/2007,0.17611984,3.639810035,0,3.815929875,0.528359521
2007,4,27/01/2007,0.064137371,5.259264402,0,5.323401773,0.448961595
2007,5,03/02/2007,0.402509923,7.647688544,0,8.050198468,1.006274808
2007,6,10/02/2007,0.198146801,9.180801777,0,9.378948578,0.924685071
2007,7,17/02/2007,0.311426414,11.83420372,0,12.14563014,1.479275466
2007,8,24/02/2007,0.292358612,13.91626994,0,14.20862855,0.935547559
2007,9,03/03/2007,0.282768364,14.42118655,0,14.70395491,0.848305091
2007,10,10/03/2007,0.191198332,15.2321338,0,15.42333213,2.166914432
2007,11,17/03/2007,0.371654382,16.7863896,0,17.15804399,1.610502324
2007,12,24/03/2007,0.184838977,11.46001658,0,11.64485556,1.29387284
2007,13,31/03/2007,0.126069525,8.194519127,0,8.320588652,2.332286213
2007,14,07/04/2007,0.089065273,8.372135667,0,8.46120094,2.761023465
2007,15,14/04/2007,0.046326114,5.512807522,0,5.559133636,2.038349
2007,16,21/04/2007,0,4.010030531,0,4.010030531,1.207840521
2007,17,28/04/2007,0,4.25182046,0,4.25182046,2.232205742
2007,18,05/05/2007,0.224455733,4.096317118,0,4.320772851,2.020101593
2007,19,12/05/2007,0.124754966,3.181251639,0,3.306006605,3.243629122
2007,20,19/05/2007,0,1.689398323,0,1.689398323,2.230005786
2007,21,26/05/2007,0,2.637465352,0,2.637465352,2.390202976
2007,22,02/06/2007,0.129976769,2.794500538,0,2.924477308,1.494732846
2007,23,09/06/2007,0.080313591,4.417247528,0,4.497561119,2.891289291
2007,24,16/06/2007,0.233591803,8.175713106,0,8.409304909,2.958829505
2007,25,23/06/2007,0.206447858,17.7545158,0,17.96096366,3.991325258
2007,26,30/06/2007,0.105430789,18.97754195,0,19.08297274,3.162923659
2007,27,07/07/2007,0.220475696,22.54363992,0,22.76411561,4.299276072
2007,28,14/07/2007,0.383374737,19.55211158,0,19.93548632,4.764800301
2007,29,21/07/2007,0,9.124699996,0,9.124699996,2.163588659
2007,30,28/07/2007,0.171632628,5.878417496,0,6.050050124,2.231224159
2007,31,04/08/2007,0.167054667,3.508148017,0,3.675202685,1.781916453
2007,32,11/08/2007,0.275063317,1.421160469,0,1.696223786,1.467004355
2007,33,18/08/2007,0.165957498,0.331914996,0,0.497872493,1.714894144
2007,34,25/08/2007,0.065308255,1.110240334,0,1.175548589,2.024555904
2007,35,01/09/2007,0.200137191,1.400960336,0,1.601097527,2.40164629
2007,36,08/09/2007,0.320661018,1.026115258,0,1.346776276,1.795701701
2007,37,15/09/2007,0.263850101,1.055400403,0,1.319250503,1.385213029
2007,38,22/09/2007,0.121895164,0.731370984,0,0.853266148,1.279899222
2007,39,29/09/2007,0.072209037,0.577672294,0,0.649881331,1.371971699
2007,40,06/10/2007,0.371859636,1.208543817,0,1.580403453,1.76633327
2007,41,13/10/2007,0.073834255,0.516839785,0,0.59067404,1.107513826
2007,42,20/10/2007,0,0.301949689,0,0.301949689,0.830361645
2007,43,27/10/2007,0,0.30019142,0,0.30019142,0.240153136
2007,44,03/11/2007,0.075868152,0.075868152,0,0.151736304,0.910417821
2007,45,10/11/2007,0.075823994,0,0,0.075823994,0.303295974
2007,46,17/11/2007,0,0.057764424,0,0.057764424,0.115528848
2007,47,24/11/2007,0,0,0,0,0.262065786
2007,48,01/12/2007,0.063782427,0.063782427,0,0.127564854,0.127564854
2007,49,08/12/2007,0,0,0,0,0.601757915
2007,50,15/12/2007,0,0,0,0,0.594867295
2007,51,22/12/2007,0.140380015,0.280760029,0,0.421140044,1.473990154
2007,52,29/12/2007,0.319925415,0.319925415,0,0.639850831,0.719832185
2008,1,05/01/2008,0.441249604,0.073541601,0,0.514791205,1.176665612
2008,2,12/01/2008,0.697431211,0.570625537,0,1.268056748,0.951042561
2008,3,19/01/2008,1.079868329,0.694201069,0,1.774069398,0.925601425
2008,4,26/01/2008,1.927871074,1.927871074,0,3.855742148,1.619411702
2008,5,02/02/2008,2.117920963,0.59301787,0,2.710938833,1.779053609
2008,6,09/02/2008,1.816320465,0.706346847,0,2.522667312,2.169493889
2008,7,16/02/2008,1.753020627,1.134307465,0,2.887328092,2.749836278
2008,8,23/02/2008,3.334207224,1.266998745,0,4.601205969,5.401415703
2008,9,01/03/2008,4.738189055,1.72804542,0,6.466234475,4.961162658
2008,10,08/03/2008,7.047390583,3.637362881,0,10.68475346,9.377576178
2008,11,15/03/2008,6.279730789,2.30097006,0,8.580700849,10.97754466
2008,12,22/03/2008,2.690301701,0.834921217,0,3.525222918,6.076371083
2008,13,29/03/2008,1.368976778,1.186446541,0,2.555423319,2.829218675
2008,14,05/04/2008,0.34220546,0.821293104,0,1.163498565,2.463879313
2008,15,12/04/2008,0.772204356,1.061780989,0,1.833985345,1.640934256
2008,16,19/04/2008,0.431739723,1.233542065,0,1.665281787,1.850313097
2008,17,26/04/2008,0.54934223,1.538158244,0,2.087500474,1.208552906
2008,18,03/05/2008,0.523387497,0.981351556,0,1.504739053,0.850504682
2008,19,10/05/2008,0.191166708,1.083278011,0,1.274444719,0.955833539
2008,20,17/05/2008,0.395023632,0.790047263,0,1.185070895,0.507887526
2008,21,24/05/2008,0.252173649,1.071738006,0,1.323911655,1.008694594
2008,22,31/05/2008,0.314259862,0.419013149,0,0.733273011,0.942779586
2008,23,07/06/2008,0.092703998,1.205151975,0,1.297855973,0.741631985
2008,24,14/06/2008,0.721468335,1.05445372,0,1.775922055,0.665970771
2008,25,21/06/2008,0.622783547,1.297465724,0,1.920249271,0.726580805
2008,26,28/06/2008,1.694583479,1.495220717,0,3.189804196,0.797451049
2008,27,05/07/2008,1.372062769,1.7836816,0,3.155744369,0.594560533
2008,28,12/07/2008,2.625812908,2.406995166,0,5.032808073,0.481399033
2008,29,19/07/2008,5.862030279,4.742915407,0,10.60494569,1.065823687
2008,30,26/07/2008,6.914206291,5.036273718,0,11.95048001,1.024326858
2008,31,02/08/2008,5.943284089,5.906138563,0,11.84942265,1.040074716
2008,32,09/08/2008,3.659864621,4.269842058,0,7.929706679,0.44053926
2008,33,16/08/2008,2.312916503,3.013800292,0,5.326716796,0.490618652
2008,34,23/08/2008,2.263741216,3.462192449,0,5.725933665,0.355096661
2008,35,30/08/2008,1.453857521,2.251134225,0,3.704991746,0.328290408
2008,36,06/09/2008,0.768144555,2.765320398,0,3.533464953,0.409677096
2008,37,13/09/2008,0.742886622,1.609587682,0,2.352474305,0.330171832
2008,38,20/09/2008,0.981162211,1.407754477,0,2.388916688,0.213296133
2008,39,27/09/2008,0.293522953,0.929489352,0,1.223012306,0.293522953
2008,40,04/10/2008,0.255055063,0.969209238,0,1.224264301,0
2008,41,11/10/2008,0.148478326,0.395942202,0,0.544420527,0.049492775
2008,42,18/10/2008,0.181473332,0.408314997,0,0.589788329,0.045368333
2008,43,25/10/2008,0.087761503,0.131642254,0,0.219403756,0.131642254
2008,44,01/11/2008,0.238764432,0.119382216,0,0.358146648,0
2008,45,08/11/2008,0.164994685,0.164994685,0,0.329989371,0.054998228
2008,46,15/11/2008,0.182967153,0.50315967,0,0.686126823,0.045741788
2008,47,22/11/2008,0.20486408,0.20486408,0,0.409728159,0
2008,48,29/11/2008,0.16071414,0.120535605,0,0.281249746,0.16071414
2008,49,06/12/2008,0.118088241,0,0,0.118088241,0.039362747
2008,50,13/12/2008,0.41677754,0.151555469,0,0.568333009,0
2008,51,20/12/2008,0.243690008,0.121845004,0,0.365535012,0.162460006
2008,52,27/12/2008,0.365675607,0.099729711,0,0.465405318,0.232702659
2009,1,03/01/2009,0.976986539,0.398031553,0,1.375018092,0.144738747
2009,2,10/01/2009,1.805623243,0.74076851,0,2.546391753,0.231490159
2009,3,17/01/2009,3.619363704,0.866608211,0,4.485971914,0.407815629
2009,4,24/01/2009,4.077360305,0.875877399,0,4.953237704,0.332229358
2009,5,31/01/2009,7.109486929,1.244160213,0,8.353647142,0.79981728
2009,6,07/02/2009,11.95613381,2.340168539,0,14.29630235,0.297839632
2009,7,14/02/2009,10.31386828,2.311729098,0,12.62559738,0.444563288
2009,8,21/02/2009,11.97423259,2.227764202,0,14.20199679,0.11138821
2009,9,28/02/2009,8.746434262,1.39735932,0,10.14379358,0.258770244
2009,10,07/03/2009,5.928624618,1.117691526,0,7.046316145,0.485952838
2009,11,14/03/2009,3.418389599,1.123854115,0,4.542243713,0.561927057
2009,12,21/03/2009,1.395255193,1.007684306,0,2.402939499,0.465085064
2009,13,28/03/2009,1.592600894,0.840539361,0,2.433140255,0.530866965
2009,14,04/04/2009,0.968647288,0.807206074,0,1.775853362,0.376696168
2009,15,11/04/2009,0.61163349,0.4704873,0,1.082120791,0.37638984
2009,16,18/04/2009,0.574843687,0.410602634,0,0.985446321,0.36954237
2009,17,25/04/2009,0.566804945,0.472337454,0,1.039142399,0.141701236
2009,18,02/05/2009,0.544963059,0.79267354,0.099084193,1.436720792,0.148626289
2009,19,09/05/2009,0.093171006,0.590083035,0,0.683254041,0.403741024
2009,20,16/05/2009,0.331099235,0.625409666,0.036788804,0.993297704,0.110366412
2009,21,23/05/2009,0.131566515,0.690724202,0.296024658,1.118315375,0.394699544
2009,22,30/05/2009,0.110231172,0.881849373,1.295216267,2.287296812,0.165346758
2009,23,06/06/2009,0.084009811,0.672078484,0.644075214,1.400163509,0.392045783
2009,24,13/06/2009,0.248832673,1.017951845,1.628722952,2.895507469,0.113105761
2009,25,20/06/2009,0.213746707,1.361229026,3.093702333,4.668678066,0.146247747
2009,26,27/06/2009,0.435338125,1.859011452,4.518103782,6.812453358,0.129424848
2009,27,04/07/2009,0.80163809,4.409009496,4.561702466,9.772350052,0.114519727
2009,28,11/07/2009,1.062860613,7.097166032,5.8800192,14.04004585,0.205714957
2009,29,18/07/2009,1.247052361,8.093614342,6.822109974,16.16277668,0.195616057
2009,30,25/07/2009,0.890093018,8.558586716,9.096555024,18.54523476,0.254312291
2009,31,01/08/2009,0.838898599,7.387194463,10.27039936,18.49649242,0.195471518
2009,32,08/08/2009,0.791192471,6.69687913,12.65907954,20.14715114,0.23547395
2009,33,15/08/2009,0.856422684,5.654336126,10.53010618,17.04086499,0.214105671
2009,34,22/08/2009,1.468021555,7.316989327,18.8415365,27.62654738,0.231184497
2009,35,29/08/2009,1.597911863,5.452416814,21.46812884,28.51845752,0.292747211
2009,36,05/09/2009,1.439160625,6.186907018,24.6140977,32.24016535,0.608305007
2009,37,12/09/2009,1.314640807,3.976788441,39.43922421,44.73065346,0.230062141
2009,38,19/09/2009,0.731115787,2.091803502,59.17976122,62.00268051,0.426484209
2009,39,26/09/2009,0.741926803,1.525071761,68.54579295,70.81279152,0.226699856
2009,40,03/10/2009,0.33473771,1.171581986,55.56645989,57.07277959,0.468632794
2009,41,10/10/2009,0.055316768,0.940385055,28.01794296,29.01364479,0.359558992
2009,42,17/10/2009,0.12522068,0.18783102,14.68212475,14.99517645,0.500882721
2009,43,24/10/2009,0.167255863,0.033451173,8.596951382,8.797658418,0.200707036
2009,44,31/10/2009,0.026666302,0.026666302,6.239914597,6.293247201,0.026666302
2009,45,07/11/2009,0,0,3.264791767,3.264791767,0.026543022
2009,46,14/11/2009,0,0.040595444,2.334238051,2.374833495,0
2009,47,21/11/2009,0,0.024914211,3.537817891,3.562732102,0.099656842
2009,48,28/11/2009,0,0.066291428,6.540754202,6.60704563,0.022097143
2009,49,05/12/2009,0,0,5.784462921,5.784462921,0.018133113
2009,50,12/12/2009,0,0.084091153,4.372739946,4.456831099,0.033636461
2009,51,19/12/2009,0,0,5.608114513,5.608114513,0.090090193
2009,52,26/12/2009,0,0.037818048,4.481438667,4.519256714,0.018909024
2009,53,02/01/2010,0,0.035926684,3.089694797,3.125621481,0.143706735
2010,1,09/01/2010,0,0.024001536,5.040322581,5.064324117,0.168010753
2010,2,16/01/2010,0,0,5.820195495,5.820195495,0.353563278
2010,3,23/01/2010,0,0,4.619729034,4.619729034,0.274439349
2010,4,30/01/2010,0,0,3.445378659,3.445378659,0.413445439
2010,5,06/02/2010,0,0,3.63857144,3.63857144,1.352389385
2010,6,13/02/2010,0,0,3.328249218,3.328249218,1.766009789
2010,7,20/02/2010,0,0,2.654776818,2.654776818,0.819375561
2010,8,27/02/2010,0,0.059476761,1.903256344,1.962733105,1.516657399
2010,9,06/03/2010,0,0.024665166,2.811828889,2.836494055,2.639172729
2010,10,13/03/2010,0,0.055913257,3.410708679,3.466621936,3.215012279
2010,11,20/03/2010,0,0,3.439235959,3.439235959,4.855391942
2010,12,27/03/2010,0,0.052093708,2.292123162,2.34421687,6.068917009
2010,13,03/04/2010,0,0.078867774,1.15672735,1.235595124,3.943388694
2010,14,10/04/2010,0,0,1.238095238,1.238095238,2.952380952
2010,15,17/04/2010,0.033988187,0,1.053633792,1.087621979,2.821019507
2010,16,24/04/2010,0,0.030769313,0.800002147,0.83077146,2.49231438
2010,17,01/05/2010,0,0,0.833398877,0.833398877,3.863940246
2010,18,08/05/2010,0,0.14140553,0.622184332,0.763589861,2.74326728
2010,19,15/05/2010,0,0,1.341282674,1.341282674,2.900070647
2010,20,22/05/2010,0,0,0.662708881,0.662708881,2.960099669
2010,21,29/05/2010,0,0.162658261,0.731962176,0.894620437,2.887184137
2010,22,05/06/2010,0,0.145534948,0.485116494,0.630651442,1.697907729
2010,23,12/06/2010,0,0.190049123,0.506797661,0.696846785,1.963840938
2010,24,19/06/2010,0,0.181867815,0.454669538,0.636537354,1.54587643
2010,25,26/06/2010,0,0.603049152,0.552795056,1.155844208,1.155844208
2010,26,03/07/2010,0,0.484802892,0.727204338,1.21200723,1.757410484
2010,27,10/07/2010,0,1.594464501,1.429519897,3.023984398,1.924353708
2010,28,17/07/2010,0,1.473978402,2.188634596,3.662612998,1.65264245
2010,29,24/07/2010,0,2.694073866,2.859017164,5.55309103,1.374527483
2010,30,31/07/2010,0,4.585765353,2.866103346,7.451868699,1.605017874
2010,31,07/08/2010,0,6.869529819,3.068389986,9.937919805,0.961734175
2010,32,14/08/2010,0,8.04295124,2.173770606,10.21672185,0.797049222
2010,33,21/08/2010,0,8.277048156,2.076897692,10.35394585,1.038448846
2010,34,28/08/2010,0,15.18004017,1.483763324,16.66380349,0.836994696
2010,35,04/09/2010,0,14.30723224,1.332536336,15.63976857,0.490934439
2010,36,11/09/2010,0,18.23981125,1.002187431,19.24199868,0.44096247
2010,37,18/09/2010,0,19.27755942,0.444866756,19.72242618,0.333650067
2010,38,25/09/2010,0,15.78598066,0.62364368,16.40962434,0.58466595
2010,39,02/10/2010,0,13.42365359,0.739886418,14.16354001,0.493257612
2010,40,09/10/2010,0,9.34812336,0.357046378,9.705169738,0.292128855
2010,41,16/10/2010,0,6.820108731,1.2035486,8.02365733,0.36106458
2010,42,23/10/2010,0,4.10442465,0.868243676,4.972668326,0.276259351
2010,43,30/10/2010,0,3.005978317,0.328778878,3.334757196,0.469684112
2010,44,06/11/2010,0,2.018719279,0.304712344,2.323431623,0.571335645
2010,45,13/11/2010,0,0.48381225,0.229174223,0.712986473,0.152782816
2010,46,20/11/2010,0,1.132766779,0.440520414,1.573287193,0.220260207
2010,47,27/11/2010,0,0.547409227,0.489787203,1.03719643,0.288110119
2010,48,04/12/2010,0,0.590986548,0.248836441,0.839822989,0.373254662
2010,49,11/12/2010,0,0.365323545,0.265689851,0.631013396,0.132844926
2010,50,18/12/2010,0,0.142567038,0.463342873,0.605909911,0.249492316
2010,51,25/12/2010,0,0.560808111,0.85990577,1.42071388,0.448646489
2010,52,01/01/2011,0,0.256017736,1.834793778,2.090811515,0.384026605
2011,1,08/01/2011,0,0.526291106,3.120154414,3.64644552,0.375922219
2011,2,15/01/2011,0,0.589428903,7.073146834,7.662575737,0.550133643
2011,3,22/01/2011,0,0.710384239,16.14150854,16.85189278,0.868247403
2011,4,29/01/2011,0,0.73137792,20.47858175,21.20995967,1.230044683
2011,5,05/02/2011,0,0.615390675,14.50181503,15.1172057,0.749171256
2011,6,12/02/2011,0,0.428245302,15.24553277,15.67377807,0.959269478
2011,7,19/02/2011,0,0.287853489,16.22774042,16.51559391,0.863560466
2011,8,26/02/2011,0,0.340657939,10.06833465,10.40899259,1.476184404
2011,9,05/03/2011,0,0.158820713,4.738151259,4.896971971,1.217625463
2011,10,12/03/2011,0,0.190539952,2.540532689,2.731072641,1.460806296
2011,11,19/03/2011,0,0,0.66244176,0.66244176,1.261793829
2011,12,26/03/2011,0,0,0.590911966,0.590911966,1.772735897
2011,13,02/04/2011,0,0,0.359514615,0.359514615,2.276925894
2011,14,09/04/2011,0,0.039912063,0.199560313,0.239472376,1.556570442
2011,15,16/04/2011,0,0,0.196459558,0.196459558,1.807427932
2011,16,23/04/2011,0,0.322205885,0.230147061,0.552352946,2.163382371
2011,17,30/04/2011,0,0.032635732,0.032635732,0.065271464,0.685350372
2011,18,07/05/2011,0,0.042069816,0,0.042069816,0.925535943
2011,19,14/05/2011,0,0,0,0,1.006088314
2011,20,21/05/2011,0,0.089819741,0,0.089819741,0.808377671
2011,21,28/05/2011,0,0,0,0,0.570107837
2011,22,04/06/2011,0,0.042321023,0,0.042321023,0.677136374
2011,23,11/06/2011,0,0,0,0,0.73614523
2011,24,18/06/2011,0,0,0,0,0.473505425
2011,25,25/06/2011,0,0.037280405,0.149121622,0.186402027,0.671047299
2011,26,02/07/2011,0,0.138507435,0.069253718,0.207761153,0.692537176
2011,27,09/07/2011,0,0.238663563,0.079554521,0.318218083,0.397772604
2011,28,16/07/2011,0,0.448117727,0.186715719,0.634833446,0.560147158
2011,29,23/07/2011,0,0.572685206,0.038179014,0.61086422,1.107191399
2011,30,30/07/2011,0,0.695947498,0,0.695947498,0.822483406
2011,31,06/08/2011,0,0.710666172,0.071066617,0.78173279,0.675132864
2011,32,13/08/2011,0,0.354706153,0.032246014,0.386952166,0.709412305
2011,33,20/08/2011,0,0.606207136,0.031905639,0.638112774,0.797640968
2011,34,27/08/2011,0,0.880883453,0.036703477,0.91758693,0.403738249
2011,35,03/09/2011,0,1.585024056,0.035222757,1.620246813,0.77490065
2011,36,10/09/2011,0,2.097711226,0.041954225,2.13966545,0.335633796
2011,37,17/09/2011,0,2.128241768,0.035470696,2.163712464,0.603001834
2011,38,24/09/2011,0,2.927028785,0,2.927028785,0.601444271
2011,39,01/10/2011,0,1.595129414,0.04197709,1.637106504,0.419770898
2011,40,08/10/2011,0,3.081251799,0,3.081251799,0.320963729
2011,41,15/10/2011,0,3.165881457,0,3.165881457,0.162352895
2011,42,22/10/2011,0,2.152575879,0,2.152575879,0.490938358
2011,43,29/10/2011,0,2.577615044,0,2.577615044,0.037906104
2011,44,05/11/2011,0,1.735614535,0,1.735614535,0.204189945
2011,45,12/11/2011,0,2.074300656,0,2.074300656,0.281261106
2011,46,19/11/2011,0,1.668358188,0,1.668358188,0.52340649
2011,47,26/11/2011,0,1.695853964,0,1.695853964,0.34687922
2011,48,03/12/2011,0,2.515833178,0,2.515833178,0.539107109
2011,49,10/12/2011,0,1.619828388,0,1.619828388,0.869176208
2011,50,17/12/2011,0,1.684586723,0.040109208,1.724695931,1.644477515
2011,51,24/12/2011,0,1.132487563,0,1.132487563,2.049263209
2011,52,31/12/2011,0,1.409840154,0.031329781,1.441169935,2.193084684
2012,1,07/01/2012,0,1.042995909,0.054894522,1.097890431,2.14088634
2012,2,14/01/2012,0,1.643512577,0.074705117,1.718217694,3.959371207
2012,3,21/01/2012,0,1.593665016,0.078376968,1.672041983,4.937748982
2012,4,28/01/2012,0,2.348189246,0.146761828,2.494951074,5.870473115
2012,5,04/02/2012,0,3.603382321,0.100093953,3.703476274,9.84257208
2012,6,11/02/2012,0,2.353557394,0.305656804,2.659214198,10.17837159
2012,7,18/02/2012,0,2.800531517,0.506120154,3.306651671,13.69898549
2012,8,25/02/2012,0,2.374280268,0.135673158,2.509953426,11.76964647
2012,9,03/03/2012,0,2.61886373,0,2.61886373,8.780896034
2012,10,10/03/2012,0,2.513289916,0.052360207,2.565650122,8.691794292
2012,11,17/03/2012,0,5.360065775,0.141054363,5.501120138,7.193772488
2012,12,24/03/2012,0,6.201337227,0,6.201337227,6.527723397
2012,13,31/03/2012,0,5.685274384,0.086468051,5.771742436,3.739743226
2012,14,07/04/2012,0,5.564493435,0.074524466,5.6390179,2.782246717
2012,15,14/04/2012,0,5.474417245,0.028218646,5.50263589,1.41093228
2012,16,21/04/2012,0,6.887668804,0.026089655,6.913758458,0.8609586
2012,17,28/04/2012,0,11.52069338,0.152591965,11.67328534,1.411475679
2012,18,05/05/2012,0,10.25830898,0.101567416,10.3598764,0.863323033
2012,19,12/05/2012,0,16.0013713,0.159217625,16.16058893,0.477652875
2012,20,19/05/2012,0,21.24803943,0.121417368,21.3694568,0.437102525
2012,21,26/05/2012,0,26.16215638,0.074465341,26.23662173,0.248217803
2012,22,02/06/2012,0,19.83648432,0.109593836,19.94607816,0.065756302
2012,23,09/06/2012,0,14.54995548,0.040756178,14.59071166,0.061134267
2012,24,16/06/2012,0,9.869193569,0,9.869193569,0.200186482
2012,25,23/06/2012,0,9.132186289,0.048704994,9.180891283,0.024352497
2012,26,30/06/2012,0,4.550300992,0.049820814,4.600121806,0.099641628
2012,27,07/07/2012,0,3.881893818,0.046489746,3.928383564,0.023244873
2012,28,14/07/2012,0,3.974650333,0.05845074,4.033101073,0
2012,29,21/07/2012,0,1.754457881,0.065792171,1.820250051,0
2012,30,28/07/2012,0,1.897376771,0.087571236,1.984948007,0.145952059
2012,31,04/08/2012,0,1.300300732,0.03662819,1.336928921,0.018314095
2012,32,11/08/2012,0,0.71576313,0,0.71576313,0
2012,33,18/08/2012,0,0.975172632,0,0.975172632,0
2012,34,25/08/2012,0,1.080047053,0.026342611,1.106389664,0
2012,35,01/09/2012,0,0.705484879,0,0.705484879,0.023516163
2012,36,08/09/2012,0,0.39810513,0.033175428,0.431280558,0.016587714
2012,37,15/09/2012,0,0.459805917,0.030653728,0.490459645,0.030653728
2012,38,22/09/2012,0,1.014334747,0,1.014334747,0.024739872
2012,39,29/09/2012,0,0.373111125,0.031092594,0.404203719,0
2012,40,06/10/2012,0,0.257220829,0.096457811,0.35367864,0.032152604
2012,41,13/10/2012,0,0.294467719,0.117787088,0.412254807,0.029446772
2012,42,20/10/2012,0,0.164720001,0.054906667,0.219626668,0.082360001
2012,43,27/10/2012,0,0.2470877,0.035298243,0.282385943,0.035298243
2012,44,03/11/2012,0,0.033369263,0.100107789,0.133477052,0.033369263
2012,45,10/11/2012,0,0.150369544,0.075184772,0.225554315,0
2012,46,17/11/2012,0,0.107688444,0.053844222,0.161532666,0.080766333
2012,47,24/11/2012,0,0.205338317,0.051334579,0.256672897,0
2012,48,01/12/2012,0,0.272052215,0.027205222,0.299257437,0.108820886
2012,49,08/12/2012,0,0.763488293,0.226218754,0.989707047,0.084832033
2012,50,15/12/2012,0,0.77320186,0.248529169,1.021731029,0.082843056
2012,51,22/12/2012,0,0.459089612,0.975565425,1.434655037,0.114772403
2012,52,29/12/2012,0,0.68609931,0.466547531,1.152646841,0.027443972
2013,1,05/01/2013,0,0.781135931,0.474261101,1.255397031,0.027897712
2013,2,12/01/2013,0,0.930826897,0.698120173,1.62894707,0.139624035
2013,3,19/01/2013,0,0.673306704,0.975133848,1.648440552,0.09286989
2013,4,26/01/2013,0,1.008141796,1.253365476,2.261507271,0.24522368
2013,5,02/02/2013,0,0.948092091,1.563070745,2.511162836,0.153744663
2013,6,09/02/2013,0,0.356589256,1.15534919,1.511938446,0.02852714
2013,7,16/02/2013,0,0.410081162,1.145399107,1.555480269,0.028281459
2013,8,23/02/2013,0,0.580121064,3.058820156,3.63894122,0.131845696
2013,9,02/03/2013,0,0.788664981,3.39941802,4.188083,0.135976721
2013,10,09/03/2013,0,0.953706944,3.730677162,4.684384106,0.168301225
2013,11,16/03/2013,0,0.601277046,3.283897713,3.88517476,0.208134362
2013,12,23/03/2013,0,1.013674008,2.843918746,3.857592755,0.253418502
2013,13,30/03/2013,0,0.931585878,3.547192381,4.478778259,0.250811583
2013,14,06/04/2013,0,1.07738133,2.788516383,3.865897712,0.190126117
2013,15,13/04/2013,0,0.329195406,2.036896577,2.366091983,0.267471268
2013,16,20/04/2013,0,0.752174382,2.618681182,3.370855564,0.139291552
2013,17,27/04/2013,0,0.148941327,1.284618944,1.433560271,0.074470663
2013,18,04/05/2013,0,0.311614717,0.817988632,1.129603349,0.194759198
2013,19,11/05/2013,0,0.440299173,0.853079647,1.29337882,0.027518698
2013,20,18/05/2013,0,0.347837029,0.869592572,1.217429601,0.231891353
2013,21,25/05/2013,0,0.230215725,0.997601473,1.227817198,0.127897625
2013,22,01/06/2013,0,0.241881648,0.564390513,0.806272162,0.188130171
2013,23,08/06/2013,0,0.565238162,0.53832206,1.103560222,0.134580515
2013,24,15/06/2013,0,0.479687522,0.580674369,1.060361891,0.176726982
2013,25,22/06/2013,0,0.750884271,0.932132198,1.683016469,0.129462805
2013,26,29/06/2013,0,0.683223921,0.765210792,1.448434713,0.273289568
2013,27,06/07/2013,0,1.340222803,1.122889375,2.463112178,0.144888952
2013,28,13/07/2013,0,1.379152177,0.580695654,1.959847831,0.145173913
2013,29,20/07/2013,0,2.071204657,0.559785043,2.6309897,0.083967756
2013,30,27/07/2013,0,2.066398367,0.403778991,2.470177359,0.023751705
2013,31,03/08/2013,0,2.554709561,0.684297204,3.239006765,0.045619814
2013,32,10/08/2013,0,3.023202911,0.428663099,3.45186601,0.090244863
2013,33,17/08/2013,0,3.237893727,0.459430867,3.697324593,0.131265962
2013,34,24/08/2013,0,2.970455066,0.347891134,3.3183462,0.133804282
2013,35,31/08/2013,0,2.587939576,0.373517052,2.961456628,0.133398947
2013,36,07/09/2013,0,3.305645937,0.215585605,3.521231541,0.335355385
2013,37,14/09/2013,0,3.777422635,0.34176681,4.119189445,0.251828176
2013,38,21/09/2013,0,5.238856074,0.157165682,5.396021756,0.419108486
2013,39,28/09/2013,0,2.396699304,0.120697087,2.517396391,0.534515672
2013,40,05/10/2013,0,3.822203468,0,3.822203468,0.663357627
2013,41,12/10/2013,0,2.808395653,0.22244718,3.030842833,0.556117951
2013,42,19/10/2013,0,1.369814427,0.060880641,1.430695068,0.273962885
2013,43,26/10/2013,0,0.82957689,0,0.82957689,0.138262815
2013,44,02/11/2013,0,0.812507902,0.087054418,0.89956232,0.406253951
2013,45,09/11/2013,0,0.530689406,0.024122246,0.554811652,0.434200423
2013,46,16/11/2013,0,0.725834575,0.103690654,0.829525229,0.129613317
2013,47,23/11/2013,0,0.579177794,0.023167112,0.602344906,0.185336894
2013,48,30/11/2013,0,0.326460495,0.209867461,0.536327957,0.209867461
2013,49,07/12/2013,0,0.328487849,0.138310673,0.466798523,0.363065518
2013,50,14/12/2013,0,0.379987179,0.259082167,0.639069346,0.725430069
2013,51,21/12/2013,,,,,
2013,52,28/12/2013,,,,,
