hhID,intervention
9101,TIV
9102,placebo
9103,TIV
9104,TIV
9105,TIV
9106,placebo
9107,placebo
9108,placebo
9109,TIV
9110,TIV
9111,placebo
9112,placebo
9113,TIV
9114,TIV
9115,TIV
9116,placebo
9117,placebo
9118,TIV
9119,placebo
9120,TIV
9121,placebo
9122,TIV
9123,TIV
9124,TIV
9125,TIV
9126,TIV
9127,TIV
9128,TIV
9129,placebo
9130,TIV
9131,TIV
9132,placebo
9133,TIV
9134,placebo
9135,placebo
9136,TIV
9137,placebo
9138,placebo
9139,TIV
9140,TIV
9141,TIV
9142,TIV
9143,TIV
9144,TIV
9145,placebo
9146,TIV
9147,placebo
9148,TIV
9149,placebo
9150,placebo
9151,TIV
9152,placebo
9153,TIV
9154,TIV
9155,placebo
9156,placebo
9157,placebo
9158,TIV
9159,TIV
9160,TIV
9161,placebo
9162,TIV
9163,placebo
9164,TIV
9165,TIV
9166,placebo
9167,TIV
9168,TIV
9169,TIV
9170,placebo
9171,placebo
9172,placebo
9173,TIV
9174,placebo
9175,TIV
9176,TIV
9177,TIV
9178,placebo
9179,TIV
9180,TIV
9181,placebo
9182,placebo
9183,TIV
9184,TIV
9185,placebo
9186,placebo
9187,TIV
9188,TIV
9189,placebo
9190,placebo
9191,TIV
9192,TIV
9193,TIV
9194,TIV
9195,TIV
9196,TIV
9197,placebo
9198,TIV
9199,placebo
9200,TIV
9201,TIV
9202,placebo
9203,placebo
9204,TIV
9205,TIV
9206,TIV
9207,TIV
9208,placebo
9209,TIV
9210,TIV
9211,placebo
9212,placebo
9213,TIV
9214,TIV
9215,placebo
9216,placebo
9217,placebo
9218,TIV
9219,TIV
